github.com/MicahParks/jwkset,https://github.com/NVIDIA/dsx-exchange/blob/HEAD/auth-callout/vendor/github.com/MicahParks/jwkset/LICENSE,Apache-2.0
github.com/MicahParks/keyfunc/v3,https://github.com/NVIDIA/dsx-exchange/blob/HEAD/auth-callout/vendor/github.com/MicahParks/keyfunc/v3/LICENSE,Apache-2.0
github.com/VictoriaMetrics/metrics,https://github.com/VictoriaMetrics/metrics/blob/v1.44.0/LICENSE,MIT
github.com/antithesishq/antithesis-sdk-go,https://github.com/NVIDIA/dsx-exchange/blob/HEAD/auth-callout/vendor/github.com/antithesishq/antithesis-sdk-go/LICENSE,MIT
github.com/beorn7/perks/quantile,https://github.com/NVIDIA/dsx-exchange/blob/HEAD/auth-callout/vendor/github.com/beorn7/perks/LICENSE,MIT
github.com/cenkalti/backoff/v5,https://github.com/NVIDIA/dsx-exchange/blob/HEAD/auth-callout/vendor/github.com/cenkalti/backoff/v5/LICENSE,MIT
github.com/cespare/xxhash/v2,https://github.com/NVIDIA/dsx-exchange/blob/HEAD/auth-callout/vendor/github.com/cespare/xxhash/v2/LICENSE.txt,MIT
github.com/coreos/go-oidc/v3/oidc,https://github.com/coreos/go-oidc/blob/v3.20.0/LICENSE,Apache-2.0
github.com/davecgh/go-spew/spew,https://github.com/davecgh/go-spew/blob/d8f796af33cc/LICENSE,ISC
github.com/eclipse/paho.mqtt.golang,https://github.com/eclipse/paho.mqtt.golang/blob/v1.5.1/LICENSE,EPL-2.0
github.com/emicklei/go-restful/v3,https://github.com/emicklei/go-restful/blob/v3.13.0/LICENSE,MIT
github.com/fatih/structs,https://github.com/NVIDIA/dsx-exchange/blob/HEAD/auth-callout/vendor/github.com/fatih/structs/LICENSE,MIT
github.com/felixge/httpsnoop,https://github.com/NVIDIA/dsx-exchange/blob/HEAD/auth-callout/vendor/github.com/felixge/httpsnoop/LICENSE.txt,MIT
github.com/fsnotify/fsnotify,https://github.com/NVIDIA/dsx-exchange/blob/HEAD/auth-callout/vendor/github.com/fsnotify/fsnotify/LICENSE,BSD-3-Clause
github.com/fxamacker/cbor/v2,https://github.com/fxamacker/cbor/blob/v2.9.2/LICENSE,MIT
github.com/go-jose/go-jose/v4,https://github.com/go-jose/go-jose/blob/v4.1.4/LICENSE,Apache-2.0
github.com/go-jose/go-jose/v4/json,https://github.com/go-jose/go-jose/blob/v4.1.4/json/LICENSE,BSD-3-Clause
github.com/go-logr/logr,https://github.com/NVIDIA/dsx-exchange/blob/HEAD/auth-callout/vendor/github.com/go-logr/logr/LICENSE,Apache-2.0
github.com/go-logr/stdr,https://github.com/NVIDIA/dsx-exchange/blob/HEAD/auth-callout/vendor/github.com/go-logr/stdr/LICENSE,Apache-2.0
github.com/go-openapi/jsonpointer,https://github.com/go-openapi/jsonpointer/blob/v1.0.0/LICENSE,Apache-2.0
github.com/go-openapi/jsonreference,https://github.com/go-openapi/jsonreference/blob/v1.0.0/LICENSE,Apache-2.0
github.com/go-openapi/swag,https://github.com/go-openapi/swag/blob/v0.28.0/LICENSE,Apache-2.0
github.com/go-openapi/swag/cmdutils,https://github.com/go-openapi/swag/blob/cmdutils/v0.28.0/cmdutils/LICENSE,Apache-2.0
github.com/go-openapi/swag/conv,https://github.com/go-openapi/swag/blob/conv/v0.28.0/conv/LICENSE,Apache-2.0
github.com/go-openapi/swag/fileutils,https://github.com/go-openapi/swag/blob/fileutils/v0.28.0/fileutils/LICENSE,Apache-2.0
github.com/go-openapi/swag/jsonutils,https://github.com/go-openapi/swag/blob/jsonutils/v0.28.0/jsonutils/LICENSE,Apache-2.0
github.com/go-openapi/swag/loading,https://github.com/go-openapi/swag/blob/loading/v0.28.0/loading/LICENSE,Apache-2.0
github.com/go-openapi/swag/mangling,https://github.com/go-openapi/swag/blob/mangling/v0.28.0/mangling/LICENSE,Apache-2.0
github.com/go-openapi/swag/netutils,https://github.com/go-openapi/swag/blob/netutils/v0.28.0/netutils/LICENSE,Apache-2.0
github.com/go-openapi/swag/pools,https://github.com/go-openapi/swag/blob/pools/v0.28.0/pools/LICENSE,Apache-2.0
github.com/go-openapi/swag/stringutils,https://github.com/go-openapi/swag/blob/stringutils/v0.28.0/stringutils/LICENSE,Apache-2.0
github.com/go-openapi/swag/typeutils,https://github.com/go-openapi/swag/blob/typeutils/v0.28.0/typeutils/LICENSE,Apache-2.0
github.com/go-openapi/swag/yamlutils,https://github.com/go-openapi/swag/blob/yamlutils/v0.28.0/yamlutils/LICENSE,Apache-2.0
github.com/go-viper/mapstructure/v2,https://github.com/NVIDIA/dsx-exchange/blob/HEAD/auth-callout/vendor/github.com/go-viper/mapstructure/v2/LICENSE,MIT
github.com/golang-jwt/jwt/v5,https://github.com/NVIDIA/dsx-exchange/blob/HEAD/auth-callout/vendor/github.com/golang-jwt/jwt/v5/LICENSE,MIT
github.com/google/gnostic-models,https://github.com/google/gnostic-models/blob/v0.7.1/LICENSE,Apache-2.0
github.com/google/jsonschema-go/jsonschema,https://github.com/google/jsonschema-go/blob/v0.4.3/LICENSE,MIT
github.com/google/uuid,https://github.com/NVIDIA/dsx-exchange/blob/HEAD/auth-callout/vendor/github.com/google/uuid/LICENSE,BSD-3-Clause
github.com/gorilla/handlers,https://github.com/NVIDIA/dsx-exchange/blob/HEAD/auth-callout/vendor/github.com/gorilla/handlers/LICENSE,BSD-3-Clause
github.com/gorilla/mux,https://github.com/NVIDIA/dsx-exchange/blob/HEAD/auth-callout/vendor/github.com/gorilla/mux/LICENSE,BSD-3-Clause
github.com/gorilla/websocket,https://github.com/gorilla/websocket/blob/e064f32e3674/LICENSE,BSD-2-Clause
github.com/grpc-ecosystem/grpc-gateway/v2,https://github.com/NVIDIA/dsx-exchange/blob/HEAD/auth-callout/vendor/github.com/grpc-ecosystem/grpc-gateway/v2/LICENSE,BSD-3-Clause
github.com/json-iterator/go,https://github.com/json-iterator/go/blob/v1.1.12/LICENSE,MIT
github.com/klauspost/compress,https://github.com/NVIDIA/dsx-exchange/blob/HEAD/auth-callout/vendor/github.com/klauspost/compress/LICENSE,Apache-2.0
github.com/klauspost/compress,https://github.com/NVIDIA/dsx-exchange/blob/HEAD/auth-callout/vendor/github.com/klauspost/compress/LICENSE,BSD-3-Clause
github.com/klauspost/compress,https://github.com/NVIDIA/dsx-exchange/blob/HEAD/auth-callout/vendor/github.com/klauspost/compress/LICENSE,MIT
github.com/klauspost/compress/s2,https://github.com/NVIDIA/dsx-exchange/blob/HEAD/auth-callout/vendor/github.com/klauspost/compress/s2/LICENSE,BSD-3-Clause
github.com/knadh/koanf/maps,https://github.com/NVIDIA/dsx-exchange/blob/HEAD/auth-callout/vendor/github.com/knadh/koanf/maps/LICENSE,MIT
github.com/knadh/koanf/parsers/yaml,https://github.com/NVIDIA/dsx-exchange/blob/HEAD/auth-callout/vendor/github.com/knadh/koanf/parsers/yaml/LICENSE,MIT
github.com/knadh/koanf/providers/confmap,https://github.com/NVIDIA/dsx-exchange/blob/HEAD/auth-callout/vendor/github.com/knadh/koanf/providers/confmap/LICENSE,MIT
github.com/knadh/koanf/providers/env,https://github.com/NVIDIA/dsx-exchange/blob/HEAD/auth-callout/vendor/github.com/knadh/koanf/providers/env/LICENSE,MIT
github.com/knadh/koanf/providers/file,https://github.com/NVIDIA/dsx-exchange/blob/HEAD/auth-callout/vendor/github.com/knadh/koanf/providers/file/LICENSE,MIT
github.com/knadh/koanf/providers/rawbytes,https://github.com/NVIDIA/dsx-exchange/blob/HEAD/auth-callout/vendor/github.com/knadh/koanf/providers/rawbytes/LICENSE,MIT
github.com/knadh/koanf/providers/structs,https://github.com/NVIDIA/dsx-exchange/blob/HEAD/auth-callout/vendor/github.com/knadh/koanf/providers/structs/LICENSE,MIT
github.com/knadh/koanf/v2,https://github.com/NVIDIA/dsx-exchange/blob/HEAD/auth-callout/vendor/github.com/knadh/koanf/v2/LICENSE,MIT
github.com/mark3labs/mcp-go,https://github.com/mark3labs/mcp-go/blob/v0.57.0/LICENSE,MIT
github.com/minio/highwayhash,https://github.com/NVIDIA/dsx-exchange/blob/HEAD/auth-callout/vendor/github.com/minio/highwayhash/LICENSE,Apache-2.0
github.com/mitchellh/copystructure,https://github.com/NVIDIA/dsx-exchange/blob/HEAD/auth-callout/vendor/github.com/mitchellh/copystructure/LICENSE,MIT
github.com/mitchellh/reflectwalk,https://github.com/NVIDIA/dsx-exchange/blob/HEAD/auth-callout/vendor/github.com/mitchellh/reflectwalk/LICENSE,MIT
github.com/moby/spdystream,https://github.com/moby/spdystream/blob/v0.5.1/LICENSE,Apache-2.0
github.com/moby/spdystream/spdy,https://github.com/moby/spdystream/blob/v0.5.1/spdy/LICENSE,BSD-3-Clause
github.com/modern-go/concurrent,https://github.com/modern-go/concurrent/blob/bacd9c7ef1dd/LICENSE,Apache-2.0
github.com/modern-go/reflect2,https://github.com/modern-go/reflect2/blob/35a7c28c31ee/LICENSE,Apache-2.0
github.com/munnerz/goautoneg,https://github.com/NVIDIA/dsx-exchange/blob/HEAD/auth-callout/vendor/github.com/munnerz/goautoneg/LICENSE,BSD-3-Clause
github.com/nats-io/jwt/v2,https://github.com/NVIDIA/dsx-exchange/blob/HEAD/auth-callout/vendor/github.com/nats-io/jwt/v2/LICENSE,Apache-2.0
github.com/nats-io/nats-server/v2,https://github.com/NVIDIA/dsx-exchange/blob/HEAD/auth-callout/vendor/github.com/nats-io/nats-server/v2/LICENSE,Apache-2.0
github.com/nats-io/nats-server/v2/internal/fastrand,https://github.com/NVIDIA/dsx-exchange/blob/HEAD/auth-callout/vendor/github.com/nats-io/nats-server/v2/internal/fastrand/LICENSE,BSD-3-Clause
github.com/nats-io/nats.go,https://github.com/NVIDIA/dsx-exchange/blob/HEAD/auth-callout/vendor/github.com/nats-io/nats.go/LICENSE,Apache-2.0
github.com/nats-io/nkeys,https://github.com/NVIDIA/dsx-exchange/blob/HEAD/auth-callout/vendor/github.com/nats-io/nkeys/LICENSE,Apache-2.0
github.com/nats-io/nuid,https://github.com/NVIDIA/dsx-exchange/blob/HEAD/auth-callout/vendor/github.com/nats-io/nuid/LICENSE,Apache-2.0
github.com/pmezard/go-difflib/difflib,https://github.com/pmezard/go-difflib/blob/5d4384ee4fb2/LICENSE,BSD-3-Clause
github.com/prometheus/client_golang/internal/github.com/golang/gddo/httputil,https://github.com/NVIDIA/dsx-exchange/blob/HEAD/auth-callout/vendor/github.com/prometheus/client_golang/internal/github.com/golang/gddo/LICENSE,BSD-3-Clause
github.com/prometheus/client_golang/prometheus,https://github.com/NVIDIA/dsx-exchange/blob/HEAD/auth-callout/vendor/github.com/prometheus/client_golang/LICENSE,Apache-2.0
github.com/prometheus/client_model/go,https://github.com/NVIDIA/dsx-exchange/blob/HEAD/auth-callout/vendor/github.com/prometheus/client_model/LICENSE,Apache-2.0
github.com/prometheus/common,https://github.com/NVIDIA/dsx-exchange/blob/HEAD/auth-callout/vendor/github.com/prometheus/common/LICENSE,Apache-2.0
github.com/prometheus/otlptranslator,https://github.com/NVIDIA/dsx-exchange/blob/HEAD/auth-callout/vendor/github.com/prometheus/otlptranslator/LICENSE,Apache-2.0
github.com/prometheus/procfs,https://github.com/NVIDIA/dsx-exchange/blob/HEAD/auth-callout/vendor/github.com/prometheus/procfs/LICENSE,Apache-2.0
github.com/redis/go-redis/v9,https://github.com/redis/go-redis/blob/v9.22.0/LICENSE,BSD-2-Clause
github.com/santhosh-tekuri/jsonschema/v6,https://github.com/santhosh-tekuri/jsonschema/blob/v6.0.2/LICENSE,Apache-2.0
github.com/spf13/cast,https://github.com/spf13/cast/blob/v1.10.0/LICENSE,MIT
github.com/spf13/cobra,https://github.com/NVIDIA/dsx-exchange/blob/HEAD/auth-callout/vendor/github.com/spf13/cobra/LICENSE.txt,Apache-2.0
github.com/spf13/pflag,https://github.com/NVIDIA/dsx-exchange/blob/HEAD/auth-callout/vendor/github.com/spf13/pflag/LICENSE,BSD-3-Clause
github.com/synadia-io/callout.go,https://github.com/NVIDIA/dsx-exchange/blob/HEAD/auth-callout/vendor/github.com/synadia-io/callout.go/LICENSE,Apache-2.0
github.com/synadia-io/orbit.go/natsext,https://github.com/synadia-io/orbit.go/blob/natsext/v0.1.3/natsext/LICENSE,Apache-2.0
github.com/uptrace/opentelemetry-go-extra/otelutil,https://github.com/NVIDIA/dsx-exchange/blob/HEAD/auth-callout/vendor/github.com/uptrace/opentelemetry-go-extra/otelutil/LICENSE,BSD-2-Clause
github.com/uptrace/opentelemetry-go-extra/otelzap,https://github.com/NVIDIA/dsx-exchange/blob/HEAD/auth-callout/vendor/github.com/uptrace/opentelemetry-go-extra/otelzap/LICENSE,BSD-2-Clause
github.com/valyala/fastrand,https://github.com/valyala/fastrand/blob/v1.1.0/LICENSE,MIT
github.com/valyala/histogram,https://github.com/valyala/histogram/blob/v1.2.0/LICENSE,MIT
github.com/x448/float16,https://github.com/x448/float16/blob/v0.8.4/LICENSE,MIT
github.com/yosida95/uritemplate/v3,https://github.com/yosida95/uritemplate/blob/v3.0.2/LICENSE,BSD-3-Clause
gitlab-master.nvidia.com/ncp/vmaas/services/pkg/nv-config,Unknown,Apache-2.0
gitlab-master.nvidia.com/ncp/vmaas/services/pkg/nv-config/internal/providers,Unknown,Apache-2.0
gitlab-master.nvidia.com/ncp/vmaas/services/pkg/nv-config/internal/watcher,Unknown,Apache-2.0
go.opentelemetry.io/auto/sdk,https://github.com/NVIDIA/dsx-exchange/blob/HEAD/auth-callout/vendor/go.opentelemetry.io/auto/sdk/LICENSE,Apache-2.0
go.opentelemetry.io/contrib/bridges/prometheus,https://github.com/open-telemetry/opentelemetry-go-contrib/blob/bridges/prometheus/v0.70.0/bridges/prometheus/LICENSE,Apache-2.0
go.opentelemetry.io/contrib/bridges/prometheus,https://github.com/open-telemetry/opentelemetry-go-contrib/blob/bridges/prometheus/v0.70.0/bridges/prometheus/LICENSE,BSD-3-Clause
go.opentelemetry.io/contrib/exporters/autoexport,https://github.com/open-telemetry/opentelemetry-go-contrib/blob/exporters/autoexport/v0.70.0/exporters/autoexport/LICENSE,Apache-2.0
go.opentelemetry.io/contrib/exporters/autoexport,https://github.com/open-telemetry/opentelemetry-go-contrib/blob/exporters/autoexport/v0.70.0/exporters/autoexport/LICENSE,BSD-3-Clause
go.opentelemetry.io/contrib/instrumentation/net/http/otelhttp,https://github.com/open-telemetry/opentelemetry-go-contrib/blob/instrumentation/net/http/otelhttp/v0.70.0/instrumentation/net/http/otelhttp/LICENSE,Apache-2.0
go.opentelemetry.io/contrib/instrumentation/net/http/otelhttp,https://github.com/open-telemetry/opentelemetry-go-contrib/blob/instrumentation/net/http/otelhttp/v0.70.0/instrumentation/net/http/otelhttp/LICENSE,BSD-3-Clause
go.opentelemetry.io/contrib/instrumentation/runtime,https://github.com/open-telemetry/opentelemetry-go-contrib/blob/instrumentation/runtime/v0.70.0/instrumentation/runtime/LICENSE,Apache-2.0
go.opentelemetry.io/contrib/instrumentation/runtime,https://github.com/open-telemetry/opentelemetry-go-contrib/blob/instrumentation/runtime/v0.70.0/instrumentation/runtime/LICENSE,BSD-3-Clause
go.opentelemetry.io/contrib/propagators/autoprop,https://github.com/open-telemetry/opentelemetry-go-contrib/blob/propagators/autoprop/v0.70.0/propagators/autoprop/LICENSE,Apache-2.0
go.opentelemetry.io/contrib/propagators/autoprop,https://github.com/open-telemetry/opentelemetry-go-contrib/blob/propagators/autoprop/v0.70.0/propagators/autoprop/LICENSE,BSD-3-Clause
go.opentelemetry.io/contrib/propagators/aws/xray,https://github.com/open-telemetry/opentelemetry-go-contrib/blob/propagators/aws/v1.45.0/propagators/aws/LICENSE,Apache-2.0
go.opentelemetry.io/contrib/propagators/aws/xray,https://github.com/open-telemetry/opentelemetry-go-contrib/blob/propagators/aws/v1.45.0/propagators/aws/LICENSE,BSD-3-Clause
go.opentelemetry.io/contrib/propagators/b3,https://github.com/open-telemetry/opentelemetry-go-contrib/blob/propagators/b3/v1.45.0/propagators/b3/LICENSE,Apache-2.0
go.opentelemetry.io/contrib/propagators/b3,https://github.com/open-telemetry/opentelemetry-go-contrib/blob/propagators/b3/v1.45.0/propagators/b3/LICENSE,BSD-3-Clause
go.opentelemetry.io/contrib/propagators/jaeger,https://github.com/open-telemetry/opentelemetry-go-contrib/blob/propagators/jaeger/v1.45.0/propagators/jaeger/LICENSE,Apache-2.0
go.opentelemetry.io/contrib/propagators/jaeger,https://github.com/open-telemetry/opentelemetry-go-contrib/blob/propagators/jaeger/v1.45.0/propagators/jaeger/LICENSE,BSD-3-Clause
go.opentelemetry.io/contrib/propagators/ot,https://github.com/open-telemetry/opentelemetry-go-contrib/blob/propagators/ot/v1.45.0/propagators/ot/LICENSE,Apache-2.0
go.opentelemetry.io/contrib/propagators/ot,https://github.com/open-telemetry/opentelemetry-go-contrib/blob/propagators/ot/v1.45.0/propagators/ot/LICENSE,BSD-3-Clause
go.opentelemetry.io/otel,https://github.com/NVIDIA/dsx-exchange/blob/HEAD/auth-callout/vendor/go.opentelemetry.io/otel/LICENSE,Apache-2.0
go.opentelemetry.io/otel,https://github.com/NVIDIA/dsx-exchange/blob/HEAD/auth-callout/vendor/go.opentelemetry.io/otel/LICENSE,BSD-3-Clause
go.opentelemetry.io/otel/exporters/otlp/otlplog/otlploggrpc,https://github.com/open-telemetry/opentelemetry-go/blob/exporters/otlp/otlplog/otlploggrpc/v0.21.0/exporters/otlp/otlplog/otlploggrpc/LICENSE,Apache-2.0
go.opentelemetry.io/otel/exporters/otlp/otlplog/otlploggrpc,https://github.com/open-telemetry/opentelemetry-go/blob/exporters/otlp/otlplog/otlploggrpc/v0.21.0/exporters/otlp/otlplog/otlploggrpc/LICENSE,BSD-3-Clause
go.opentelemetry.io/otel/exporters/otlp/otlplog/otlploghttp,https://github.com/open-telemetry/opentelemetry-go/blob/exporters/otlp/otlplog/otlploghttp/v0.21.0/exporters/otlp/otlplog/otlploghttp/LICENSE,Apache-2.0
go.opentelemetry.io/otel/exporters/otlp/otlplog/otlploghttp,https://github.com/open-telemetry/opentelemetry-go/blob/exporters/otlp/otlplog/otlploghttp/v0.21.0/exporters/otlp/otlplog/otlploghttp/LICENSE,BSD-3-Clause
go.opentelemetry.io/otel/exporters/otlp/otlpmetric/otlpmetricgrpc,https://github.com/NVIDIA/dsx-exchange/blob/HEAD/auth-callout/vendor/go.opentelemetry.io/otel/exporters/otlp/otlpmetric/otlpmetricgrpc/LICENSE,Apache-2.0
go.opentelemetry.io/otel/exporters/otlp/otlpmetric/otlpmetricgrpc,https://github.com/NVIDIA/dsx-exchange/blob/HEAD/auth-callout/vendor/go.opentelemetry.io/otel/exporters/otlp/otlpmetric/otlpmetricgrpc/LICENSE,BSD-3-Clause
go.opentelemetry.io/otel/exporters/otlp/otlpmetric/otlpmetrichttp,https://github.com/open-telemetry/opentelemetry-go/blob/exporters/otlp/otlpmetric/otlpmetrichttp/v1.45.0/exporters/otlp/otlpmetric/otlpmetrichttp/LICENSE,Apache-2.0
go.opentelemetry.io/otel/exporters/otlp/otlpmetric/otlpmetrichttp,https://github.com/open-telemetry/opentelemetry-go/blob/exporters/otlp/otlpmetric/otlpmetrichttp/v1.45.0/exporters/otlp/otlpmetric/otlpmetrichttp/LICENSE,BSD-3-Clause
go.opentelemetry.io/otel/exporters/otlp/otlptrace,https://github.com/NVIDIA/dsx-exchange/blob/HEAD/auth-callout/vendor/go.opentelemetry.io/otel/exporters/otlp/otlptrace/LICENSE,Apache-2.0
go.opentelemetry.io/otel/exporters/otlp/otlptrace,https://github.com/NVIDIA/dsx-exchange/blob/HEAD/auth-callout/vendor/go.opentelemetry.io/otel/exporters/otlp/otlptrace/LICENSE,BSD-3-Clause
go.opentelemetry.io/otel/exporters/otlp/otlptrace/otlptracegrpc,https://github.com/NVIDIA/dsx-exchange/blob/HEAD/auth-callout/vendor/go.opentelemetry.io/otel/exporters/otlp/otlptrace/otlptracegrpc/LICENSE,Apache-2.0
go.opentelemetry.io/otel/exporters/otlp/otlptrace/otlptracegrpc,https://github.com/NVIDIA/dsx-exchange/blob/HEAD/auth-callout/vendor/go.opentelemetry.io/otel/exporters/otlp/otlptrace/otlptracegrpc/LICENSE,BSD-3-Clause
go.opentelemetry.io/otel/exporters/otlp/otlptrace/otlptracehttp,https://github.com/open-telemetry/opentelemetry-go/blob/exporters/otlp/otlptrace/otlptracehttp/v1.45.0/exporters/otlp/otlptrace/otlptracehttp/LICENSE,Apache-2.0
go.opentelemetry.io/otel/exporters/otlp/otlptrace/otlptracehttp,https://github.com/open-telemetry/opentelemetry-go/blob/exporters/otlp/otlptrace/otlptracehttp/v1.45.0/exporters/otlp/otlptrace/otlptracehttp/LICENSE,BSD-3-Clause
go.opentelemetry.io/otel/exporters/prometheus,https://github.com/NVIDIA/dsx-exchange/blob/HEAD/auth-callout/vendor/go.opentelemetry.io/otel/exporters/prometheus/LICENSE,Apache-2.0
go.opentelemetry.io/otel/exporters/prometheus,https://github.com/NVIDIA/dsx-exchange/blob/HEAD/auth-callout/vendor/go.opentelemetry.io/otel/exporters/prometheus/LICENSE,BSD-3-Clause
go.opentelemetry.io/otel/exporters/stdout/stdoutlog,https://github.com/open-telemetry/opentelemetry-go/blob/exporters/stdout/stdoutlog/v0.21.0/exporters/stdout/stdoutlog/LICENSE,Apache-2.0
go.opentelemetry.io/otel/exporters/stdout/stdoutlog,https://github.com/open-telemetry/opentelemetry-go/blob/exporters/stdout/stdoutlog/v0.21.0/exporters/stdout/stdoutlog/LICENSE,BSD-3-Clause
go.opentelemetry.io/otel/exporters/stdout/stdoutmetric,https://github.com/open-telemetry/opentelemetry-go/blob/exporters/stdout/stdoutmetric/v1.45.0/exporters/stdout/stdoutmetric/LICENSE,Apache-2.0
go.opentelemetry.io/otel/exporters/stdout/stdoutmetric,https://github.com/open-telemetry/opentelemetry-go/blob/exporters/stdout/stdoutmetric/v1.45.0/exporters/stdout/stdoutmetric/LICENSE,BSD-3-Clause
go.opentelemetry.io/otel/exporters/stdout/stdouttrace,https://github.com/open-telemetry/opentelemetry-go/blob/exporters/stdout/stdouttrace/v1.45.0/exporters/stdout/stdouttrace/LICENSE,Apache-2.0
go.opentelemetry.io/otel/exporters/stdout/stdouttrace,https://github.com/open-telemetry/opentelemetry-go/blob/exporters/stdout/stdouttrace/v1.45.0/exporters/stdout/stdouttrace/LICENSE,BSD-3-Clause
go.opentelemetry.io/otel/log,https://github.com/open-telemetry/opentelemetry-go/blob/log/v0.21.0/log/LICENSE,Apache-2.0
go.opentelemetry.io/otel/log,https://github.com/open-telemetry/opentelemetry-go/blob/log/v0.21.0/log/LICENSE,BSD-3-Clause
go.opentelemetry.io/otel/metric,https://github.com/NVIDIA/dsx-exchange/blob/HEAD/auth-callout/vendor/go.opentelemetry.io/otel/metric/LICENSE,Apache-2.0
go.opentelemetry.io/otel/metric,https://github.com/NVIDIA/dsx-exchange/blob/HEAD/auth-callout/vendor/go.opentelemetry.io/otel/metric/LICENSE,BSD-3-Clause
go.opentelemetry.io/otel/sdk,https://github.com/NVIDIA/dsx-exchange/blob/HEAD/auth-callout/vendor/go.opentelemetry.io/otel/sdk/LICENSE,Apache-2.0
go.opentelemetry.io/otel/sdk,https://github.com/NVIDIA/dsx-exchange/blob/HEAD/auth-callout/vendor/go.opentelemetry.io/otel/sdk/LICENSE,BSD-3-Clause
go.opentelemetry.io/otel/sdk/log,https://github.com/open-telemetry/opentelemetry-go/blob/sdk/log/v0.21.0/sdk/log/LICENSE,Apache-2.0
go.opentelemetry.io/otel/sdk/log,https://github.com/open-telemetry/opentelemetry-go/blob/sdk/log/v0.21.0/sdk/log/LICENSE,BSD-3-Clause
go.opentelemetry.io/otel/sdk/metric,https://github.com/NVIDIA/dsx-exchange/blob/HEAD/auth-callout/vendor/go.opentelemetry.io/otel/sdk/metric/LICENSE,Apache-2.0
go.opentelemetry.io/otel/sdk/metric,https://github.com/NVIDIA/dsx-exchange/blob/HEAD/auth-callout/vendor/go.opentelemetry.io/otel/sdk/metric/LICENSE,BSD-3-Clause
go.opentelemetry.io/otel/trace,https://github.com/NVIDIA/dsx-exchange/blob/HEAD/auth-callout/vendor/go.opentelemetry.io/otel/trace/LICENSE,Apache-2.0
go.opentelemetry.io/otel/trace,https://github.com/NVIDIA/dsx-exchange/blob/HEAD/auth-callout/vendor/go.opentelemetry.io/otel/trace/LICENSE,BSD-3-Clause
go.opentelemetry.io/proto/otlp,https://github.com/NVIDIA/dsx-exchange/blob/HEAD/auth-callout/vendor/go.opentelemetry.io/proto/otlp/LICENSE,Apache-2.0
go.uber.org/atomic,https://github.com/uber-go/atomic/blob/v1.11.0/LICENSE.txt,MIT
go.uber.org/multierr,https://github.com/NVIDIA/dsx-exchange/blob/HEAD/auth-callout/vendor/go.uber.org/multierr/LICENSE.txt,MIT
go.uber.org/zap,https://github.com/NVIDIA/dsx-exchange/blob/HEAD/auth-callout/vendor/go.uber.org/zap/LICENSE,MIT
go.yaml.in/yaml/v2,https://github.com/yaml/go-yaml/blob/v2.4.4/LICENSE,Apache-2.0
go.yaml.in/yaml/v3,https://github.com/NVIDIA/dsx-exchange/blob/HEAD/auth-callout/vendor/go.yaml.in/yaml/v3/LICENSE,MIT
golang.org/x/crypto,https://github.com/NVIDIA/dsx-exchange/blob/HEAD/auth-callout/vendor/golang.org/x/crypto/LICENSE,BSD-3-Clause
golang.org/x/net,https://github.com/NVIDIA/dsx-exchange/blob/HEAD/auth-callout/vendor/golang.org/x/net/LICENSE,BSD-3-Clause
golang.org/x/oauth2,https://cs.opensource.google/go/x/oauth2/+/v0.36.0:LICENSE,BSD-3-Clause
golang.org/x/sync/semaphore,https://cs.opensource.google/go/x/sync/+/v0.17.0:LICENSE,BSD-3-Clause
golang.org/x/sync/singleflight,https://cs.opensource.google/go/x/sync/+/v0.22.0:LICENSE,BSD-3-Clause
golang.org/x/sys,https://github.com/NVIDIA/dsx-exchange/blob/HEAD/auth-callout/vendor/golang.org/x/sys/LICENSE,BSD-3-Clause
golang.org/x/sys/cpu,https://cs.opensource.google/go/x/sys/+/v0.47.0:LICENSE,BSD-3-Clause
golang.org/x/sys/unix,https://cs.opensource.google/go/x/sys/+/v0.47.0:LICENSE,BSD-3-Clause
golang.org/x/term,https://cs.opensource.google/go/x/term/+/v0.45.0:LICENSE,BSD-3-Clause
golang.org/x/text,https://github.com/NVIDIA/dsx-exchange/blob/HEAD/auth-callout/vendor/golang.org/x/text/LICENSE,BSD-3-Clause
golang.org/x/time/rate,https://github.com/NVIDIA/dsx-exchange/blob/HEAD/auth-callout/vendor/golang.org/x/time/LICENSE,BSD-3-Clause
google.golang.org/genproto/googleapis/api/httpbody,https://github.com/NVIDIA/dsx-exchange/blob/HEAD/auth-callout/vendor/google.golang.org/genproto/googleapis/api/LICENSE,Apache-2.0
google.golang.org/genproto/googleapis/rpc,https://github.com/NVIDIA/dsx-exchange/blob/HEAD/auth-callout/vendor/google.golang.org/genproto/googleapis/rpc/LICENSE,Apache-2.0
google.golang.org/grpc,https://github.com/NVIDIA/dsx-exchange/blob/HEAD/auth-callout/vendor/google.golang.org/grpc/LICENSE,Apache-2.0
google.golang.org/protobuf,https://github.com/NVIDIA/dsx-exchange/blob/HEAD/auth-callout/vendor/google.golang.org/protobuf/LICENSE,BSD-3-Clause
gopkg.in/evanphx/json-patch.v4,https://github.com/evanphx/json-patch/blob/v4.13.0/LICENSE,BSD-3-Clause
gopkg.in/inf.v0,https://github.com/go-inf/inf/blob/v0.9.1/LICENSE,BSD-3-Clause
gopkg.in/yaml.v3,https://github.com/NVIDIA/dsx-exchange/blob/HEAD/auth-callout/vendor/gopkg.in/yaml.v3/LICENSE,MIT
k8s.io/api,https://github.com/kubernetes/api/blob/v0.36.3/LICENSE,Apache-2.0
k8s.io/apimachinery/pkg,https://github.com/kubernetes/apimachinery/blob/v0.36.3/LICENSE,Apache-2.0
k8s.io/apimachinery/third_party/forked/golang,https://github.com/kubernetes/apimachinery/blob/v0.36.3/third_party/forked/golang/LICENSE,BSD-3-Clause
k8s.io/client-go,https://github.com/kubernetes/client-go/blob/v0.36.3/LICENSE,Apache-2.0
k8s.io/klog/v2,https://github.com/kubernetes/klog/blob/v2.140.0/LICENSE,Apache-2.0
k8s.io/kube-openapi/pkg,https://github.com/kubernetes/kube-openapi/blob/d427ff9ee9ad/LICENSE,Apache-2.0
k8s.io/kube-openapi/pkg/internal/third_party/go-json-experiment/json,https://github.com/kubernetes/kube-openapi/blob/d427ff9ee9ad/pkg/internal/third_party/go-json-experiment/json/LICENSE,BSD-3-Clause
k8s.io/kube-openapi/pkg/validation/spec,https://github.com/kubernetes/kube-openapi/blob/d427ff9ee9ad/pkg/validation/spec/LICENSE,Apache-2.0
k8s.io/streaming/pkg,https://github.com/kubernetes/streaming/blob/v0.36.3/LICENSE,Apache-2.0
k8s.io/utils,https://github.com/kubernetes/utils/blob/cf1189d6abe3/LICENSE,Apache-2.0
k8s.io/utils/internal/third_party/forked/golang/net,https://github.com/kubernetes/utils/blob/cf1189d6abe3/internal/third_party/forked/golang/LICENSE,BSD-3-Clause
sigs.k8s.io/json,https://github.com/kubernetes-sigs/json/blob/2d320260d730/LICENSE,Apache-2.0
sigs.k8s.io/json,https://github.com/kubernetes-sigs/json/blob/2d320260d730/LICENSE,BSD-3-Clause
sigs.k8s.io/randfill,https://github.com/kubernetes-sigs/randfill/blob/v1.0.0/LICENSE,Apache-2.0
sigs.k8s.io/structured-merge-diff/v6,https://github.com/kubernetes-sigs/structured-merge-diff/blob/v6.4.2/LICENSE,Apache-2.0
sigs.k8s.io/yaml,https://github.com/kubernetes-sigs/yaml/blob/v1.6.0/LICENSE,Apache-2.0
sigs.k8s.io/yaml,https://github.com/kubernetes-sigs/yaml/blob/v1.6.0/LICENSE,BSD-3-Clause
sigs.k8s.io/yaml,https://github.com/kubernetes-sigs/yaml/blob/v1.6.0/LICENSE,MIT
